<?xml version='1.0' encoding='Utf-8' standalone='yes' ?><Reports><Report time="Sun May 25 22:57:11 EET 2014" client_id="0" client_address="a" client_name="a" client_email="a@a"><Condition num="0"><cond_text> - Roof contains an opening or openings that may allow embers to penetrate the structure.</cond_text><photo num="0">firestorm20140525_225656-99803749.jpg</photo></Condition><Condition num="1"><cond_text></cond_text><photo num="0">firestorm20140525_225713-157965699.jpg</photo></Condition><Condition num="2"><cond_text> - Roof contains litter from nearby trees which could be ignited by embers.</cond_text><photo num="0">firestorm20140525_225728-928755915.jpg</photo></Condition><Condition num="3"><cond_text></cond_text></Condition><Condition num="4"><cond_text></cond_text></Condition><Condition num="5"><cond_text></cond_text><photo num="0">firestorm20140525_2257481740208474.jpg</photo><photo num="1">firestorm20140525_225757254639360.jpg</photo></Condition><Condition num="6"><cond_text></cond_text></Condition><Condition num="7"><cond_text></cond_text></Condition><Condition num="8"><cond_text></cond_text></Condition><Condition num="9"><cond_text></cond_text></Condition><Condition num="10"><cond_text></cond_text></Condition><Condition num="11"><cond_text></cond_text></Condition><Condition num="12"><cond_text></cond_text></Condition><Condition num="13"><cond_text></cond_text></Condition><Condition num="14"><cond_text></cond_text></Condition><Condition num="15"><cond_text></cond_text></Condition><Condition num="16"><cond_text></cond_text></Condition><Condition num="17"><cond_text></cond_text></Condition><Condition num="18"><cond_text></cond_text></Condition><Condition num="19"><cond_text></cond_text></Condition></Report><Report time="Sun May 25 22:58:36 EET 2014" client_id="1" client_address="a" client_name="a2" client_email="a@a"><Condition num="0"><cond_text></cond_text></Condition><Condition num="1"><cond_text></cond_text><photo num="0">firestorm20140525_225837-738954108.jpg</photo></Condition><Condition num="2"><cond_text></cond_text></Condition><Condition num="3"><cond_text></cond_text></Condition><Condition num="4"><cond_text></cond_text></Condition><Condition num="5"><cond_text></cond_text></Condition><Condition num="6"><cond_text> - Vents are all properly screened and are unlikely to contribute risk.</cond_text></Condition><Condition num="7"><cond_text></cond_text><photo num="0">firestorm20140525_225859-353753705.jpg</photo></Condition><Condition num="8"><cond_text></cond_text></Condition><Condition num="9"><cond_text></cond_text></Condition><Condition num="10"><cond_text></cond_text></Condition><Condition num="11"><cond_text></cond_text></Condition><Condition num="12"><cond_text></cond_text></Condition><Condition num="13"><cond_text></cond_text></Condition><Condition num="14"><cond_text></cond_text></Condition><Condition num="15"><cond_text></cond_text></Condition><Condition num="16"><cond_text></cond_text></Condition><Condition num="17"><cond_text></cond_text></Condition><Condition num="18"><cond_text></cond_text></Condition><Condition num="19"><cond_text></cond_text></Condition></Report></Reports>